feature	rho	pval	n	note
poly_t_count	-0.11365445202539023	6.386118871365809e-57	19446	
guide_length	-0.10724864303118932	7.564330197371991e-51	19446	
guide_3prime_pos4_C	-0.10296455313199832	5.510782396049409e-47	19446	
ATAC_pm100_p90	0.08372626067874903	1.3467196602158835e-31	19446	
ATAC_pm100_mean	0.08272739390629914	6.939330212384722e-31	19446	
seed_pwm_score	0.07542714900006772	6.114614932104899e-26	19446	
ATAC_pm100_max	0.07385758344749604	6.168779281085923e-25	19446	
guide_3prime_pos4_G	0.06987384518631705	1.7537649897656462e-22	19446	
ccre_PLS	0.0646716285851593	1.760250147822321e-19	19446	
ATAC_pm200_mean	0.06085266322271379	2.0108695556414186e-17	19446	
guide_3prime_pos3_A	0.05886079982499443	2.127495401043559e-16	19446	
pam_pos1_T	-0.056228286752468416	2.1800144636913605e-14	18433	
guide_3prime_pos4_A	0.055464205040788944	9.950761307457905e-15	19446	
guide_3prime_pos3_C	-0.052015541700284315	3.929780666658191e-13	19446	
ATAC_pm200_p90	0.04848723665993263	1.3327528764319575e-11	19446	
guide_3prime_pos1_A	0.04700438121593366	5.456593031911578e-11	19446	
guide_3prime_pos2_C	0.04576459296158163	1.7166903459002e-10	19446	
ATAC_pm200_max	0.044884637458423214	3.80394428336666e-10	19446	
guide_3prime_pos1_C	-0.04443521968896	5.678454120118107e-10	19446	
distance_to_nearest_atac_peak	-0.04188265392695837	5.13680074712352e-09	19446	
ATAC_pm500_mean	0.040717814592181434	1.3465889520009318e-08	19446	
gc_content	0.04058163175607708	1.5046481148073743e-08	19446	
chromhmm_Quies	-0.04011047564807739	2.2029860440606274e-08	19446	
H3K9me3_pm500_mean	0.03717533039672087	2.154145947791696e-07	19446	
phylop100_mean_pm100	0.03702823825648652	2.4045580168480087e-07	19446	
ATAC_pm500_p90	0.03424506586578466	1.7834490252434896e-06	19446	
H3K27ac_pm500_mean	0.03397362638401798	2.15148205710424e-06	19446	
ATAC_pm1000_mean	0.033415199057709455	3.151125478340152e-06	19446	
chromhmm_Tx	-0.032962095390492684	4.276272169991644e-06	19446	
guide_3prime_pos2_T	-0.032472601968228355	5.921517529380218e-06	19446	
H3K9me3_pm1000_mean	0.031387897977874835	1.198802403256307e-05	19446	
ATAC_pm500_max	0.03092924540372884	1.6046891225651812e-05	19446	
guide_3prime_pos2_G	-0.029839349569445187	3.158538513495609e-05	19446	
pam_pos1_G	0.029111045767058637	7.720212435046437e-05	18433	
H3K27ac_pm1000_mean	0.02880458246983272	5.885800287622168e-05	19446	
mfe_rnafold	0.027250877844316086	0.0001443654817524354	19446	
ccre_pELS	-0.027084045691262992	0.000158543535924471	19446	
ATAC_pm1000_p90	0.026563642024623767	0.00021165223786666286	19446	
atac_peak_summit_overlap	0.026366699086278637	0.0002357984780299217	19446	
ATAC_pm1000_max	0.025006972465574512	0.00048752911011031773	19446	
guide_3prime_pos1_T	-0.024674696615312	0.0005792208425032017	19446	
guide_3prime_pos1_G	0.023391525769798947	0.0011056690557337265	19446	
ATAC_pm2000_mean	0.0216089659512368	0.002582487895075833	19446	
ATAC_pm2000_p90	0.020954041540499305	0.003476225922489577	19446	
H3K9me3_pm2000_mean	0.02092003854431777	0.0035295330483324796	19446	
CTCF_pm1000_mean	0.020695284703097488	0.0039009957669466295	19446	
guide_3prime_pos4_T	-0.020552205658590717	0.004155613132874532	19446	
chromhmm_Tss	0.020525706799490513	0.004204391740173698	19446	
H3K27ac_pm2000_mean	0.020463328017532496	0.0043212740300954825	19446	
log_dist_target_tss	-0.0195845082372588	0.0063118567485178035	19446	
g_run_max	0.018478147704726975	0.009971616980349478	19446	
chromhmm_TxWk	-0.018327085380532206	0.01059614928946874	19446	
pam_pos1_C	0.01792794144470499	0.0149299174809651	18433	
ATAC_pm2000_max	0.017148664743112378	0.016784950335827154	19446	
chromhmm_EnhG2	-0.016997979170420088	0.017770358246797447	19446	
guide_3prime_pos3_G	0.016066561291515215	0.025060742751534113	19446	
guide_3prime_pos3_T	-0.015987208843231324	0.02578742944326954	19446	
H3K4me1_pm500_mean	0.015427556149958515	0.03144892389362716	19446	
log_dist_nearest_expressed_tss	-0.015403410365003868	0.03171548652553878	19446	
chromhmm_ZNF/Rpts	-0.014662522895453263	0.040889240183091584	19446	
H3K4me1_pm2000_mean	0.014527713187992735	0.042780105338802187	19446	
guide_3prime_pos2_A	0.014106909755442822	0.04916422806882658	19446	
H3K4me1_pm1000_mean	0.013995699469400517	0.05097915128418031	19446	
dnase_200bp_mean	0.013973342027734351	0.05135071192256357	19446	
hic_within_5kb_tss	0.013195211282005636	0.0657653428655794	19446	
hic_contact_log	-0.013070223167439452	0.068864858216352	19376	
chromhmm_TssFlnkU	0.01199271507318893	0.09446050106636647	19446	
ATAC_pm5000_p90	0.011305874103443752	0.11490119713504665	19446	
ccre_CA_CTCF	-0.010684299329020909	0.1362608674361295	19446	
chromhmm_TssFlnkD	-0.010567524927794324	0.14059570587361728	19446	
ccre_dELS	-0.00963466148380445	0.17911403934914405	19446	
chromhmm_Enh2	-0.009275752816005397	0.1958594959118416	19446	
ATAC_pm5000_max	0.009138165722477927	0.20257412682682885	19446	
tm_santalucia	0.007529247926177313	0.2937673821952872	19446	
chromhmm_EnhG1	-0.0073535369584277295	0.3051788758959826	19446	
H3K4me3_pm500_mean	-0.005720994409967568	0.4250203941965216	19446	
chromhmm_ReprPC	-0.004955328898253887	0.4895812130425635	19446	
pam_pos3_G	0.004570344686462747	0.534949345449337	18433	
pam_is_NGG	0.004570344686462747	0.534949345449337	18433	
pam_pos3_A	-0.004570344686462747	0.534949345449337	18433	
chromhmm_TssFlnk	-0.004420399262127096	0.5376415933077732	19446	
pam_pos1_A	0.003927669840543876	0.5938823377447437	18433	
chromhmm_Het	0.0037807502340135505	0.5980619909739174	19446	
ATAC_pm5000_mean	0.003311747799767924	0.6442310492437242	19446	
H3K27me3_pm500_mean	-0.0027887188543602986	0.6973800260967572	19446	
H3K4me3_pm1000_mean	-0.002667826127874794	0.7098912060314999	19446	
chromhmm_Biv	-0.0015077516917750503	0.8334796265596253	19446	
H3K27me3_pm2000_mean	-0.001433143814492117	0.8416075889638313	19446	
H3K4me3_pm2000_mean	0.000886407776943962	0.9016314528747196	19446	
chromhmm_Enh1	-0.0008181664965742282	0.9091703212970255	19446	
H3K27me3_pm1000_mean	-0.0005312176573382679	0.9409523233958647	19446	
log_dist_target_tss_missing	-3.745778768110644e-05	0.9958325784523461	19446	
phylop100_missing	-1.8089053295557284e-05	0.9979874686159476	19446	
H3K4me3_missing	-9.31044789541606e-06	0.9989641479359406	19446	
H3K27me3_missing	-9.31044789541606e-06	0.9989641479359406	19446	
pam_pos2_A			18433	
pam_pos2_C			18433	
pam_pos2_G			18433	
pam_pos2_T			18433	
pam_pos3_C			18433	
pam_pos3_T			18433	
